catalog_id,collection_id,title,noinduk_deposit,publishlocation,tag_090
239944,21897,"Hubungan antara berpikir logis dan gaya kognitif dengan kemampuan menyelesaikan soal cerita aljabar siswa kelas II A2 SMA Negeri di Kotamadya Samarinda / oleh PM Labulan.",,"Malang :","CB-D.13 95-4575"
4931,59340,"Studi ekonomi media : Membaca selera pemirsa masyarakat televisi denpasar / Oleh : Ni Made Ras Amanda G.",,2005,"CB[G]-D.9 05-1160"
254870,58169,"Persepsi tentang kompetensi dan motivasi kerja pegawai pada unit pelayanan kesehatan terhadap kepuasan pelayanan kesehatan pegawai Sekretariat Jenderal DPR RI / Damayanti",,,"CB[G]-D.9 05-1192"
209875,58184,"Imoplementasi kebijakan linkukngan di Gresik : studi implementasi kebijakan lingkungan dalam kaitannya dengan pencemaran limbah Industri / Amelia Ernawati Tucunan",,,"CB[G]-D.13 96-402"
20280,57030,"Pengaruh efektivitas komunikasi interpersonal dan kepemimpinan terhadap kinerja pemeriksa paten pada direktorat jenderal hak kekayaan intelektual / oleh Ira Deviani / oleh Ira Deviani",,,"CB [G] - D.9 05-1036"
149369,65325,"Analisis kepuasan pengunjung Puskesmas dalam pelayanan kesehatan gratis di Puskesmas Glugur Darat dan Darussalam Kota Medan tahun 2005 / diajukan oleh Nurmansyah",,,"CB [G] - D.9 05-1357"
146739,65778,"kebijakan luar negeri Jerman terhadap bergabungnya Polandia ke dalam Uni Eropa (1991-1994) / oleh, Agung Apriyono",,,"CB[G]-D.10 06-30"
46529,59546,"faktor lingkungan yang berperan terhadap terjadinya tuberkulosis paru / Oleh : I. Nengah Darna",,,"CB [G] - D.13 93-2467/2268-94"
31237,59933,"Kinerja petugas pemasyarakatan dalam proses pembinaan dan perlindungan hak asasi manusia terhadap terpidana kasus narkoba : pada lembaga pemasyarakatan khusus narkotika Cirebon / disusun oleh, Jalu Yuswa Panjang",,,"CB [G] - D.9 05-2048"
17999,63677,"Pengaruh nilai-nilai kerja terhadap stress petugas rumah tahanan negara : studi pada rumah tahanan Negara kelas II B Rangkasbelitung",,"Jakarta ;","CB[G]-D.9 05 -2005"
149180,64706,"Efektivitas model jaring hubungan makna kata dalam pembelajaran kosakata di Sekolah Dasar / oleh, Winihasih",,,"CB [G] - D.13 97-249"
40816,64138,"Strategi politik pks dalam menghadapi pemilu 2004 di Kotamadya Jakarta Timur / oleh Suharto",,,"CB [G] - D.9 05-1324"
147298,66650,"Sanksi pidana perpajakan Indonesia dan implikasinya kepada kepatuhan wajib pajak / oleh, Abdurrahman Nurhadi",,,"CB[G]-D.9 06-82"
6480,65908,"Peran badan keswadayaan masyarakat sebagai organisasi pendamping dalam pelaksanaan proyek penanggulangan kemiskinan di perkotaan di kecamatan Tanah Sareal Kota Bogor : studi evaluasi peran organisasi lokal dalam pelaksanaan proyek penanggulangan kemiskinan di perkotaan / oleh David Ondowafo",,,"CB [G] - D.10 04-471"
200521,74692,"Analisis pengaruh stres kerja terhadap kejadian abortus spontan pada pekerja di pabrik sepatu X, Tangerang / oleh: Jurika Chrisna",,,"CB[G]-D.9 05-152"
168045,78045,"Dampak sosial kebijakan Pemda DKI Jakarta tentang Relokasi pedagang kaki lima di lokasi binaan (Studi kasus dilokasi binaan Paal Merah Jakarta Pusat / Suryantika Sinaga",,,"CB[G]-D.10 04-825"
189702,74244,"Penelitian Eksprimental Laboratorik / Rosmanida",,,"CB[G]-D.13 97-169"
139226,81367,"Studi mengenai antibodi antisperma dalam sperma dan serum darah dengan uji mar pada pria pasangan infertil / Susanto Suryaatmaja",,"Surabaya :","CB-D.13 90-1065"
26514,104867,"Pengaruh ekstrak biji kapas (Gossypium hirsutum) terhadap fertilitas dan perkembangan embrio mencit (Mus musculus) betina : penelitian eksperimental laboratorik / Ikhwan",,,"CB[G]-D.13 97-160"
117474,115194,"Strategi penggunaan media dan pengaruhnya pada sikap pekerja terhadap penyelenggaraan program perlinduangan sosial tenaga kerja / oleh: Ismail",,,"CB[G]-D.9 05-1980"
63420,132238,"Aku tahun tentang sungai / Beni S. Ambarjaya ; editor, Muhammad Habibie ; desain sampul, Anto Budi",,"Solo :","CB-D.12 2010-1293"
8281,128263,"5 relationship, success & happiness / Hengki Irawan Setia Budi",,"Jakarta :","CB-D.9 2011-633/2669-2011"
209022,135777,"Variasi genetik virus dengue tipe 3 / oleh, Muhareva Raekiansyah",,,"CB[G]-D.9 04-274"
50369,136358,"pete kompetensi pegawai dan kebutuhan pelatihan dan pengembangan sdm berdasarkan persepsi pegawai : studi pada sekretariat Badan Penelitian dan Pengembangan Pertanian / oleh Bekti Subagja",,,"CB [G] - D.9 05-2280"
200520,146871,"Hubungan antara stresor kerja dengan keluhan nyeri haid yang memerlukan pengobatan pada pekerja pabrik sepatu PT 'H' di Tangerang / oleh: Ratna Nurlely Silaen",,,"CB[G]-D.9 04-284"
196571,144184,"Realisasi prinsip kerjasama dalam acara sidang di pengadilan / Jumadi",,2001,"CB [G] - D.13 01-25"
128529,143479,"Hubungan sosial warga masyarakat lokal dengan warga masyarakat transmigran : Studi tentang perubahan taraf hidup pada warga masyarakat lokal dan masyarakat transmigran di Kabupaten Kendari Sulawesi Tenggara / Anna Susanti",,1998,"CB[G]-D.13 98-228"
50368,142416,"Model perilaku konsumen ikan hias air tawar di daerah Jakarta / oleh Rukmo Rahadi",,,"CB [G] - D.9 05-2278"
165496,153058,"Kebijakan bantuan Luar NegeriJepang kepada Indonesia : Studi tentang Oda Jepang kepada Indonesia pada masa krisis Ekonomi (1997-1999) / Maya Fitriana",,,"CB[G]-D.9 04-966"
189703,153857,"Pendekatan Cross sectional / Ali Yusran",,,"CB[G]-D.13 97-212"
43781,151744,"Ancaman China terhadap dominasi ekonomi politik Jepang di ASEAN (periode 1999-2004) / oleh, Syahrul Salam",,,"CB[G]-D.9 06-21"
25943,148401,"Gerakan perempuan dan perubahan sosial : Studi terhadap gerakan perempuan usaha mikro dalam menarasikan identitas diri sebagai perempuan warga masyarakat dan warga negara / oleh, Sri Harjanti Widyastuti",,,"CB [G] - D.10 05-2068"
155837,147718,"Peranan kepemimpinan dan motivasi terhadap kinerja pemeriksa paten di Direktorat Paten Direktorat Jenderal Hak kekayaan intelektual Deaprtemen Hukum dan Hak Asasi Manusia RI / oleh, Budi Prakoso",,2005,"CB [G] - D.9 05-1395"
163725,154928,"Permasalahan permohonan restitusi pajak pertambahan nilai (Studi kasus PT Yamaha Indonesia) / Narti Eka Putri",,,"CB[G]-D.9 04-697"
266970,198109,"Hubungan antara tingkat pengetahuan dan sikap tokoh masyarakat tentang Program Keluarga Berencana dengan intensitas keterlibatan mereka dalam kegiatan Program Keluarga Berencana di Kecamatan Sooko Kabupaten Mojokerto / oleh Choirul Bashor",,"Malang :","CB-D. 13 94-648/1949-94"
18837,203093,"Hubungan antara kadar seng plasma dengan infeksi virus sitomegalus pada ibu hamil / oleh: Dermawan Claudina Nadeak",,,"CB[G]-D.9 03-9"
8281,206709,"5 relationship, success & happiness / Hengki Irawan Setia Budi",,"Jakarta :","CB-D.9 2011-633/2669-2011"
22382,220409,"Masyarakat sipil dan konflik Aceh : (stud kasus potensi peranan masyarakat sipil dalam penyelesaian konflik) / oleh, Muharram",,,"CB[G]-D.9 06-19"
145929,225258,"Analisis pengaruh pelaksanaan penilaian Kinerja terhadap reaksi Karyawan: (Studi Kasus pada Pegawai Muda Direktorat Pengawasan Bank di Bank Indonesia)/ Oleh M. Eka Gonda Sukmana",,,"CB [G] - D.9 05-2057"
111539,223861,"Pengaruh krisis Keuangnan Asia 1997 terhadap hubungan Pemerintah-Bisnis di Korea Selatan Periode 1998-2003/ Oleh Nurdin",,,"CB [G] - D.9 05-2228"
14071,219202,"Pelaksanaan program perkebunan inti rakyat (PIR-BUN) kemitraan di Kecamatan Pasaman Kabupaten Pasaman / oleh Elqadri",,,"CB [G] - D.10 04-878"
254873,222280,"Analisis learning organization pada wilayah kerja kantor pelayanan bea dan cukai tpe A khusus Soekarno-Hatta / Hary Budi Wicaksono",,,"CB[G]-D.9 05-1189"
146302,227014,"Pengenaan pajak pertambahan nilai atas transaksi murabahah pada bank Syariah / Wuwu Romdonuwu",,2005,"CB [G]-D.9 05-1203"
5066,227632,"Pengaruh badan pembersih dan lama penyikatan terhadap kehalusan permukaan lempeng resik akrilik : Suatu kajian laboratorik menggunakan sabun cair dan pasta gigi / Endah Kusumaningtyas",,,"CB[G]-D.9 99-668"
207426,238099,"Analisis tentang pemahaman terhadap kebijakan E-Government oleh para pejabat di Sekretariat Negara Republik Indonesia / Andrie Syahriza",,,"CB[G]-D.9 04-718"
95219,230131,"Pengaruh metoda latihan berdistribusi dan metoda latihan padat terhadap penguasaan keterampilan serial : eksperimen dlam permainan bola voli / oleh Ade Angga",,"Bandung :","CB-D.10 91-2717/3748-93"
183200,231264,"Persepsi pengguna jasa (klien) terhadap kualitas pelayanan panti sosial bina remaja taruna jasa Tebet / Sri Utami",,,"CB[G]-D.9 04-678 Kop. 2"
183485,232671,"Analisis kinerja instalasi rawat jalan RSUD pasar rebo DKI Jakarta dengan menggunakan pendekatan konsep Balanced Scorecard / Yoserizal",,,"CB[G]-D.9 04-675"
50798,230737,"Faktor-faktor yang menyebabkan kepuasan dan ketidakpuasan kerja para pekerja kontrak : (studi kasus di Unit Real Estate PT. SMM, Jakarta) / oleh, Nurul Eka Hidayati",,,"CB[G]-D.9 06-13"
189979,234556,"Pengaruh penggunaan Hidroksiapatit terhadap Proses pembentukan tulang pada kesembuhan luka pencabutan gigi / Mohammad Lukman Bahar",,,"CB[G]-D.13 96-450"
163993,235812,"Analisis persepsi wajib pajak tentang pajak dan kualitas pelayanan (Studi kasus : wilayah kerja KPP Jakarta penjaringan / Bakrin",,,"CB[G]-D.9 04-694"
36334,268635,"Prosiding Seminar Tsunami dalam Kerangka Research on Tsunami Hazard and Its Effects on Indonesia Coastal Region (2002-2003-2004) : penerapan hasil riset untuk penanggulangan bencana tsunami di Indonesia / tim editor, Ahmad Sadikin ... [et al.]",,"Yogyakarta :","CB[G]-D.11 05-2928"
271400,282822,"Pengaruh pemberian ringkasan dalam metode ceramah terhadap hasil belajar ilmu pengetahuan alam siswa sekolah menengah pertama / oleh I Ketut Seneng Andyana",,"Malang :","CB-D. 13 94-646/1947-94"
36334,285780,"Prosiding Seminar Tsunami dalam Kerangka Research on Tsunami Hazard and Its Effects on Indonesia Coastal Region (2002-2003-2004) : penerapan hasil riset untuk penanggulangan bencana tsunami di Indonesia / tim editor, Ahmad Sadikin ... [et al.]",,"Yogyakarta :","CB[G]-D.11 05-2928"
19184,292631,"Sumbangan sosial perusahaan sebgai pengurang penghasilan kena pajak / ol;eh B.M.Milk Hutabarat",,2005,"CB[G]-D.9 2005-1079"
52210,303234,"Cigugur : arena kontestasi dalam keberagaman / oleh Mohammad Fathi Royyani",,,"CB [G] - D.10 04-894"
36983,297875,"Konflik dan konsensus di lembaga legislatif daerah: studi tentang penyelesaian kasus ""dana kaveling"" di DPRD Propinsi Jawa Barat / oleh Muslim Mufti",,,"CB [G] - D.9 04-845"
51600,308730,"Analisis perlakuan pajak atas transaksi murabahah : suatu studi untuk meningkatkan kepastian hukum / oleh, Isra",,,"CB[G]-D.9 06-79"
142910,307635,"Pencegahan HIV/AIDS pada kelompok pengguna narkoba suntik : studi kasus 2 program intervensi di Jakarta / oleh, Octavery Kamil",,2004,"CB [G] - D.10 04-816"
42063,306991,"Every day make-up : riasan kasual, kuliah, dan kerja / Oleh, Ade Aprilia ; editor, Nana Lystiani ; rias wajah dan rambut, Merry Welinda ; fotografer, Insan Kurniawan",,"Jakarta :","CB-D.9 10-5461"
14069,301198,"Evaluasi program peningkatan kualitas hidup pemuda : (studi kasus perubahan perilaku di Desa Parakan Garokgek, Kec. Kiara Pedes, Kab. Purwakarta Jawa Barat) / oleh Fausih",,,"CB [G] - D.10 04-745"
54919,300876,"Multi-micronutrient supplementation for infant growth and development, and the contributing role of psychosocial care / oleh, Umi Fahmida",,,"CB[G]-D.9 03-425"
209589,300807,"Pelaksanaan jaminan sosial tenaga kerja oleh pengusaha hutan tanaman industri di Kalimantan Barat ? H.Yacop Djasmani",,,"CB[G]-D.13 97-143"
118660,301601,"Faktor-faktor yang berhubungan dengan kejadian Hepatitis B di wilayah kerja puskesmas Tanjungsari Sumedang : laporan penelitian / Taty Hernawaty, Kusman Ibrahim, Aat Sriati",,,"CB[G]-D.10 06-2366"
142631,307812,"Identitas sebagai dinamika sosial dari sudut pandang stuart hall : (studi kasus kelompok etnis Cina Pasar Baru Jakarta) / oleh, Anitasa Dewi",,2005,"CB [G] - D.9 05-2172"
229615,305682,"Efektivitas teknik membaca SQ3R di SMA / oleh Sri Pujiastuti",,"Malang :","CB-D.13 91-1914/2999/92"
176385,314710,"Analisis tingkat pembelajaran dan peran manajemen sumber daya manusia (HRD) di PT. Bank Bukopin / Sri Suryani",,,"CB[G]-D.10 04-673"
14477,358497,"Analisis regresi gulud untuk menyelesaikan multikolinearitas pada regresi linear berganda : aplikasi pada data pengetahuan sikap dan perilaku masyarakat terhadap program kesehatan ibu dan anak / oleh: Atik Mawarni",,,"CB[G]-D.13 97-24"
248406,372006,"Deviation and repair of learners verbal communication in English speaking classes/ oleh Subardi",,,"CB-D.13 94-2963/2043-95"
165968,379792,"Pengaruh penambahan serum dalam media TCM 199 dan CR 1 terhadap perkembangan embrio kambing lokal / Enny Yul",,,"CB[G]-D.13 97-221"
255167,381264,"Evaluasi implementasi kebijakan kemitraan usaha : (studi kasus kemitraan usaha pada Yayasan Dharma Bakti Astra) / Yuyun Yuningsih",,,"CB[G]-D.9 05-1135"
145933,389026,"Faktor-faktor yang mempengaruhi Ketidakterwakilan Perempuan di DPRD Provinsi Bali HAsil Pemilu 199/ Oleh Ni Nyoman Tisnawati",,,"CB [G] - D.9 05-2251"
143284,383532,"Pengaruh alasan-alasan berbelanja atribut toko dan karakteristik demografi terhadap kesenangan berbelanja di Hypermarket / diajukan oleh, Nurul Yanti Hapsari",,2005,"CB[G]-D.9 05-1405"
50139,389436,"Analisis hubungan pengetahuan sebagai perangkat komunikasi korporasi dengan kegiatan pengambilan keputusan dalam organisasi : (studi kasus pada Pricewaterhouse Coopers) / oleh, Elsye Rumondang Damanik",,,"CB[G]-D.9 05-1131"
254876,382530,"Implementasi kebijakan standard nasional Indonesia wajib garam terhadap industri garam di Bandar Lampung / Marlena",,,"CB[G]-D.9 05-1142"
50137,387497,"Kontribusi elemen-elemen bauran promosi terhadap tingkat loyalitas merek di kalangan konsumen Mustika Puteri / oleh Siska Wulandari",,,CB[G]-D.9-04-836
149370,385161,"Efek iklan terhadap ekuitas merek : (analisa structural equation modeling mengenai efek iklan kitkat versi ecy terhadap ekuitas merek kitkat) / diajukan oleh Alila Pramiyanti",,,"CB [G] - D.9 05-1401"
177593,398136,"Mosi integral natsir 1950 / Murjoko",,,"CB[G]-D.9 04-1070"
189709,397443,"Pengruh tingkat religiusitas nilai anak dan nilai perkawinan terhadap pemilihan metode keluarga Berencana / Anton Sudarmanta",,,"CB[G]-D.13 92-2212"
167774,399630,"Kepemimpinan pesantren dan rutinisasi Kharisma (Studi kasus Pesantren As-Syafi'iyah, Jakarta) / Sholahudin Malik",,,"CB[G]-D.10 04-1112"
189977,398253,"Penelitian eksperimental Laboratorik / Ni Ketut Suwiti",,,"CB[G]-D.13 96-282"
200519,394066,"Pengaruh debu batubara terhadap paru pekerja tambang bagian penggalian BWE system di PT ""X"" / oleh: Fakhrur Razi",,,"CB[G]-D.9 04-287"
151980,410375,"Efek kumur klorhehsidin glukonat 0,2% terhadap keparahan mukositis, aliran saliva dan rasa sakit di mulut pada pasien penerima terapi radiasi di daerah leher dan kepala / Djoko Sumartojo",,,"CB-D.9 99-1528"
152242,413352,"Faktor-faktor yang berpengaruh terhadap kelahiran anak dari generasi pasangan usia muda (baby boomers) di Kabupaten Mojokerto / Ruslan Majid",,,"CB-D.13 95-4621"
90165,422225,"Analisis tingkat kepuasan pengguna jasa terhadap kualitas layanan di balai Latihan Kesenian lima wilayah kotamadya Propinsi DKI Jakarta / oleh: Rusmantoro",,,"CB[G]-D.9 05-2270"
240940,437213,"Pengaruh pemberian kerangka isi modul terhadap latihan dan perolehan belajar / oleh Kiswati",,,"CB-D.13 94-656/1977-94"
257639,440572,"Hubungan tingkat pendidikan pengalaman penataran dan motivasi kerja dengan performansi mengajar guru-guru STM Negeri Kotamadya Medan / oleh Saut Purba",,,"CB-D.13 94-655/1975-94"
267908,443864,"Pengajaran pencerminan dengan alat geoboard untuk siswa kelas V sekolah dasar negeri Sumbersari III Kodya Malang / Dudung Priatna",,,"CB-D.13 97-32"
37525,453526,"Strategi penempatan tenaga kerja asing/TKA di CNOOC SES Ltd., Indonesia dan penempatan Tenaga Kerja Indonesia/TKI di luar Indonesia / diajukan oleh Amyra Sindukusumo",,,"CB [G] - D.9 05-2047"
226746,464187,"Analisis pelaksanaan pemeriksaan ulang ditinjau dari kepastian hukum wajib pajak / K. Bayu Indarto",,,"CB[G]-D.9 05-1176"
49146,460920,"Koleksi naskah pilihan Perpustakaan Nasional RI = Selected manuscript collection of the National Library of Indonesia / editor, Sri Sumekar, Dady P Rachmananta, Nindya Noegraha",,"Jakarta :","CB - D.10 99--2633"
46791,459501,"Aktifitas antifertilitas ekstrak buah terong (Solanum melongena) serta pengaruhnya pada histologi hati dan vesika seminalis mencit putih / Oleh : Yohannes Fong",,,"CB [G] - D.13 93-2464/2272-94"
55190,468738,"Resistensi sel darah merah dengan Southeast Asian ovalocytosis (SAO) terhadap malaria : variasi resistensi yang berhubungan dengan etnis dan geografis / oleh, Yuwono",,,"CB[G]-D.9 02-326"
149366,462539,"Analisis kepuasan pengunjung di Taman Margasatwa Ragunan (TMR) / oleh Agus Lusianto",,,"CB [G] - D.9 05-1075"
147020,467473,"Kesiapan Indonesia dalam menghadapi pembentukan kawasan perdagangan bebas ASEAN - China / China ASEAN free trade area (CAFTA) / oleh, Khotijahtus Sadiyah",,,"CB[G]-D.9 06-42"
196734,473824,"Pengaruh pemanfaatan E-procurement pada proses pengadaan barang di departemen procurement Gulf (Indonesia ) resources LTD. terhadap peningkatan kinerja / M. Yusuf Sufyadi",,,"CB[G]-D.10 04-669"
38791,476009,"Perspektif stakeholder dalam Upaya adaptasi tanggung jawab sosial perusahaan / oleh, Wakhid Nurrokhim",,,"CB [G] - D.10 05-2253"
21103,475177,"Deskripsi karakteristik perilaku konsumen : (studi kasus DHL Express) / oleh, Tetty Mashita",,,"CB[G]-D.9 06-99"
174085,478298,"Model prediksi kegagalan bank (bank failure) : studi kasus perbankan di zindonesia periode tahun 1997-1999 / oleh: M.E.B. Rullyna Maharani",,,"CB[G]-D.9 04-939"
177037,478304,"Strategi komunikasi pemasaran operator seluler untuk segmen pelanggan korporasi (Studi kasus pada komunikasi pemasaran segmen korporasi PT. Telkomsel) / Dian Ediana Soehardjo",,,"CB[G]-D.9 04-1103"
167776,479883,"Upaya penyelasaian konplik antara Masyarakat Mahato dengan PT. Torganda di Tambusai Utara Kab. Rokan Hulu Propinsi Riau / Ade Yudistira",,,"CB[G]-D.10 04-1108"
132686,482833,"Agroforestri pada tanah masam di daerah tropika basah : pengelolaan interaksi antara pohon-tanah-tanaman semusim / K. Hairiah ... [et al.]",,"Bogor :","CB-D.10 00-2"
63612,502887,"Pengaruh teknik pemberian umpan balik dan jenis kelamin terhadap hasil belajar murid dalam Bahasa Indonesia / Ibrahim Gultom",,,"CB-D.9 90-899"
16208,538970,"Islam dalam tinjauan Madilog Tan Malaka beberapa aspek penting / oleh Hamka",,,"CB [G] - D.10 05-2146"
169814,532323,"Kajian tentang harga obat yang rasional untuk pelayanan kesehatan dasar / Selma Siahaan...[et al.]",,2006,"CB [G] - D.13 06-2642"
166087,545901,"Faktor-faktor risiko yang mempengaruhi tuli akibat bising pada penerbang helikopter TNI Au / oleh, Kholidah Hanum",,,"CB[G]-D.9 04-265"
93506,547857,"Keefektifan penggunaan media audio dalam kegiatan belajar tunanetra / oleh Ishartiwi",,"Malang :","CB-D.13 91-1920/3031/92"
5792,544567,"Strategi komunikasi pemasaran word-of -mouth dalam industri multi level marketing : Studi komperatif amway dan dwiki / oleh Pandu Pratoadi",,"Jakarta :","CB[G]-D.9 05 -2215"
142628,551596,"Oposisi di Indonesia : studi tentang Partai Rakyat Demokratik pada masa Orde Baru (1996 - 19980 / oleh, Suryani",,2005,"CB [G] - D.9 05-2155"
163722,557569,"Tinjauan sengketa pajak mengenai faktur pajak yang diatur dalam pasal 13 ayat (5) undang-undang pajak pertambahan nilai (Faktur pajak tidak lengkap atau cacat ) / Herianto",,,"CB[G]-D.9 04-1091"
196463,555440,"Pola penyimpangan dan viktimisasianak jalanan di wilayah Jakarta Barat / Amrin Suit",,,"CB[G]-D.10 04-1050"
53611,557268,"Penegakan hukum di bidang perikanan laut di kotamadya daerah tingkat II Ujung Pandang : Studi korelasi antara penegakan hukum dengan kepatuhan nelayan terhadap ketentuan perikanan laut )/ Said Sampara",,1996,"CB[G]-D.13 96-395"
38505,550730,"Militer dan bisnis di Indonesia : (Analisa kontrol Sipil atas Militer / oleh, Abas",,,"CB [G] - D.10 05-2255"
156118,547656,"Strategi pemasaran produk pelayanan jasa teknis : (studi kasus pada Balai Besar Kimia dan Kemasan Jakarta) / oleh, Sugiyarto",,2005,"CB [G] - D.9 05-1384"
207421,555243,"Pre -Service Training jurnalistik untuk pembentuk kompetesi wartawan / Dwi Agus Riyanto",,,"CB[G]-D.9 04-866"
54750,585053,"Pengaruh pemberian umpan balik dan lembar kerja praktikum terhadap prestasi belajar siswa pada praktikum kimia : studi eksperimental di SMA Kotamadya Medan / Mananti Marihot Tambunan",,,"CB-D.9 90-896"
26517,584664,"Analisis regresi linier berganda pada kondisi otokorelasi : aplikasi dalam studi pengaruh beberapa faktor terhadap pertumbuhan penduduk Propinsi Daerah Tingkat I Jawa Timur / Sunlip Wibisono",,,"CB[G]-D.13 97-208"
16354,611075,"Pengaruh insentif pajak di negara Indonesia, thailand vietnam,Filipina, malasia dan Cina terhadap laba bersih perusahaan pada PT,century textile Industri tbk / Firman",,"Jakarta :","CB[G]-D.9 2005-1077"
174589,615076,"Implementasi teknologi komunikasi intranet sebagai medi akomunikasi baru dalam organisasi : studi kasus media komunikasi www.intranet.telkom.co.id di PT telkomunikasi Indonesia, Tbk. / oleh Ratih Retno Wulandari",,,"CB[G]-D.9 04-936"
188411,610565,"Pembelajaran menulis deskripsi dengan penedekatan proses bagi siwa kelas V Sekolah Dasr / Lemian Leiwakabessy",,2000,"CB[G]-D.13 00-287"
52456,612646,"Hubungan ulama-umara di Indonesia : studi tentang Majelis Ulama Indonesia (MUI) / oleh Iding Rosyidin",,,"CB [G] - D.10 04-853"
3011,619940,"Warisan kultural dalam perspektif masyarakat : studi kasus kawasan situs Banten Lama / oleh M. Irfan Mahmud",,,"CB [G] - D.9 05-2331"
146298,628788,"Keanekaragaman molekul virus hepatitis B dan kaitannya dengan latar belakang populasi manusia di Indonesia / Neni Nurainy",,2005,"CB [G]-D.9 05-2072"
209591,621438,"Kajian yuridis terhadap sahnya perkawinan nyeburin berbeda wangsa di Kabupaten Daerah Tingkat II Tabanan / I Nyoman Suyatna",,,"CB[G]-D.13 97-199"
6030,620257,"Ekuitas Merek Produk ( Kasus Ekuitas Minuman Teh Dalam Kemasan Botol Frestea) / Yudha Tembaga Isnadi",,2005,"CB[G]-D.9 05-2220"
63420,619915,"Aku tahun tentang sungai / Beni S. Ambarjaya ; editor, Muhammad Habibie ; desain sampul, Anto Budi",,"Solo :","CB-D.12 2010-1293"
146028,621918,"Reprentasi Tentara Amerika Serikat Dalam Foto Berita Di Surat Kabar Nasional ( Analisis Semiotika Foto Berita Tentang Tentara Amerika Serikat Selama 21 Hari Pertama Perang Irak Di Halaman Satu Surat Kabar Republika ) / Roby Irsyad",,2005,"CB [G]-D.9 05-2289"
18910,618387,"Pengelolaan komunikasi promosi pemasaran potensi daerah : Studi kasus badan komunikasi dan penegmbangan usaha kabupaten Sukabubi / oleh Budi Taruna",,2005,"CB[G]-D.9 2005-1093"
174084,632504,"Eksistensi pesantren : organisasi, kepemimpinan dan tradisi internal ; (studi kasus Pesantren Tebuireng, Jombang, Jawa Timur) / oleh: Wardana",,,"CB[G]-D.9 04-937"
189001,627225,"Radio sebagai medium Informasi ( Studi kasus pada radio''Suara Metro Emergency Assistance 91.1 FM Mhz'') / Riama Luciana S.",,,"CB[G]-D.9 04-514"
165495,627230,"Kualitas pelayanan kepabeanan studi kasus pada kantor pelayanan Bea dan Cukai Tanjung Priok II Jakarta / Mulatno",,,"CB[G]-D.9 04-646"
269467,626003,"Undang-undang RI Nomor 28 tahun 2004 tentang perubahan atas undang-undang nomor 16 tahun 2001 tentang yayasan",,"Jakarta :",CB-D.9-07-5358
207423,633822,"Kerjasama pengelolaan ikan tuna di kawasan Pasifik Selatan / Vivie Damayanti",,,"CB[G]-D.9 04-871"
29173,637073,"Produk Domestik Regional Bruto Kabupaten Sukabumi tahun 2006",,"Sukabumi :","CLp-D.10 2007/6793-2008"
201954,638926,"Faktor-faktor yang mempengaruhi sikap mahasiswa Program Penyetaraan D II PGSD Universitas Terbuka terhadap kegiatan tutorial / oleh: Joko Santoso D.U.",,,"CB[G]-D.13 94-4301"
161468,666696,"penegakan hukum linkungan dalam kasus dana reboisasi / Bangbang Sugiono",,,"CB[G]-D.13 97-127"
49299,663570,"Upaya komunikasi korporasi untuk mengelola serta memelihara citra,opini dan persepsi perusahaan : ( studi kasus di perusahaan telkomsel ) / oleh Singal Mulia Silitonga",,2005,"CB[G]-D.13 2005-1091"
231591,680019,"Produk domestik regional bruto kabupaten Batang hari menurut penggunaan tahun 2007",,"Jambi :","CLp-D.5 2007/7006-2009"
183661,680146,"Funsi dan wewenang badan pengendalian dampak linkungan (Bapedal) dalam pengelolaan linkungan / Hari Trihariyanto",,,"CB[G]-D.13 97-130"
189705,714004,"Pendekatan Cross sectional / Ali Yusran",,,"CB[G]-D.13 98-212"
666,1041836,"Bina : Membina wawasan cinta hutan dan lingkungan",,"Semarang :","CM-D.12 2004/1373-2004"
15106,1042030,"Solo Pos",,"Solo :","CSk-D. 12  05 - 6767"
74227,1042160,"Audio Video/ Audiomedia Nusantara",,"Jakarta :","CM-D. 9 2000-0760"
242077,1042511,Mangle,,"Bandung :","CM - D.10 96 S 0073"
242077,1042342,Mangle,,"Bandung :","CM - D.10 96 S 0073"
1706,1041916,"Gloria Juris",,"Jakarta :","CM-D.9 2004/1372-2004"
39576,1042040,"IPTEK : Jurnal Ilmu Pengetahuan Alam dan Teknologi",,Surabaya:,"CM - D.13 97 S  0133"
1707,1041918,"Warta Pusat Penelitian Kelapa Sawit",,"Medan :","CM-D.2  1996/0159-1997"
1709,1041923,"Indonesia magazine",,"Jakarta :","CM-D.9 1994/5782-1995"
16356,1051037,"Manusia dan organisasi / oleh Rafael Steinberg; editor Pustaka Time-Life, Sumadia, Dicky Sutadi",,"Djakarta :","CB-D.9 90-796"
216806,1103210,"Elemen mesin 1 / Muchayar ; penyunting : Gatot Subyargo W.",,"Jakarta :","CB-D.9 2011-2926/7193-2011"
181609,1106594,"Red river / Shinohara Chie ; alihbahasa, Cleo",,Jakarta,"CB-D.9 2011-1801"
165914,1214403,"SKJ (Seleb Kota Jogja) [rekaman video] / a film by Lakonde ; producer, Chand Parwez Servia",,"Jakarta :","RFD-D.9 2010-009/55-2011"
203507,1214416,"Red Co-bex [rekaman video] : pembasmi keonaran, kemaksiatan & kemudharatan / a film by Upi ; producer, Chand Parwz Servia",,"Jakarta :","RFD-D.9  2010-5/51-2011"
848303,1532519,"Over ekspresi gen pengkode enzim desaturase untuk meningkatkan produksi omega 3 pada ikan mas / oleh, Yuniar Mulyani, Indah Riyantini, Yeni Mulyani",,,"CB[G]-D.10 2012-2463/1992-2013"
203562,1756483,"Membentuk karakter pengusaha / Jackie Ambadar, Miranty Abidin, Yanty Isa ; penyunting, Budhyastuti R.H. dan Indradya SP",,"Bandung :","CB-D.10 2010-1486"
189332,2020701,"Produk domestik regional bruto (PDRB) kabupaten Purwakarta menurut penggunaan tahun 2006",,"Purwakarta :",CLp-D.10
189332,2020702,"Produk domestik regional bruto (PDRB) kabupaten Purwakarta menurut penggunaan tahun 2006",,"Purwakarta :",CLp-D.10
28910,2020381,"Profil DPRD provinsi Jawa Barat periode 2004-2009",,"Bandung :","CLp-D.10 2005/6626-2007"
28910,2020388,"Profil DPRD provinsi Jawa Barat periode 2004-2009",,"Bandung :","CLp-D.10 2005/6626-2007"
28908,2020535,"Abstrak hasil penelitian teknologi perbenihan",,"Bogor :","CLp-D.10 2004/6623-2007"
28910,2018182,"Profil DPRD provinsi Jawa Barat periode 2004-2009",,"Bandung :","CLp-D.10 2005/6626-2007"
28910,2018183,"Profil DPRD provinsi Jawa Barat periode 2004-2009",,"Bandung :","CLp-D.10 2005/6626-2007"
145618,2051390,"Statistik kunjungan tamu mancanegara di Jawa Timur tahun 2006",,"Surabaya :","CLp-D.13 2005/6475-2006"
145618,2051391,"Statistik kunjungan tamu mancanegara di Jawa Timur tahun 2006",,"Surabaya :","CLp-D.13 2005/6475-2006"
113853,2049959,"Laporan eksekutif lingkungan hidup di Provinsi Jawa Timur hasil Podes 2008",,"Surabaya :","CLp-D.13 2003/6339-2005"
113853,2049967,"Laporan eksekutif lingkungan hidup di Provinsi Jawa Timur hasil Podes 2008",,"Surabaya :","CLp-D.13 2003/6339-2005"
76239,2058323,"Ringkasan hasil penelitian Balai Besar Penelitian dan Pengembangan Pelayanan Kesejahteraan Sosial (B2P3KS) tahun 2005-2006",,"Yogyakarta :","CLp-D.11 2006/6893-2008"
12524,2101199,"Statistik kesejahteraan rakyat Sulawesi Tenggara 2006 ; Survei Sosial Ekonomi Nasional",,"Kendari :","CLp-D.22 1999/2214-2000"
75949,2058368,"Statistik keuangan daerah Provinsi Daerah Istimewa Yogyakarta 2005 = Regional financial statistics Daerah Istimewa Yogyakarta Province 2005",,"Yogyakarta :","CLp-D.11 2005/6611-2007"
54580,2101908,"Direktori desa 2006 - Directory of villages 2006",,"Kendari :","CLp-D.22 2004/6413-2006"
29173,2042642,"Produk Domestik Regional Bruto Kabupaten Sukabumi tahun 2006",,"Sukabumi :","CLp-D.10 2007/6793-2008"
37063,2049192,"Indikator pertanian provinsi Nusa Tenggara Barat 2006 = Agricultural indicators Nusa Tenggara Barat province 2006",,"Mataram :","CLp-D.15 2006/6541-2007"
12524,2101198,"Statistik kesejahteraan rakyat Sulawesi Tenggara 2006 ; Survei Sosial Ekonomi Nasional",,"Kendari :","CLp-D.22 1999/2214-2000"
35961,2109809,"Indeks harga konsumen dan inflasi Sulawesi Tenggara tahun 2006",,"Kendari :","CLp-D.22 1994/5923-1995"
1561,2109811,"Indikator ekonomi provinsi Sulawesi Tenggara 2006",,"Kendari :","CLp-D.22 1994/2776-1995"
729612,2047530,"Kota Pasuruan dalam Angka 2012 = Pasuruan City in Figures 2012",,"Pasuruan :","CLp-D.13 1993 S 0960"
12519,2106469,"Statistik harga konsumen makanan pedesaan provinsi Sulawesi Tenggara 2006",,"Kendari :","CLp-D.22 2006/6549-2007"
12519,2106470,"Statistik harga konsumen makanan pedesaan provinsi Sulawesi Tenggara 2006",,"Kendari :","CLp-D.22 2006/6549-2007"
28180,2109815,"Survei harga barang dan jasa (SHJB) provinsi Sulawesi Tenggara tahun 2007",,"Kendari :","CLp-D.22 2007/6868-2008"
14766,2110275,"Keadaan ketenagakerjaan provinsi Sulawesi Tenggara 2006",,"Kendari :","CLp-D.22 1994/2674-1995"
14287,2444761,"Sinar Tani",,"Jakarta :","CSk - D. 9  03 - 67816"
14285,2435638,"Wiyata Mandala",,"Denpasar :","CSk-D. 14  02 - 6815"
731807,2438259,"Bisnis Bali April - Juni 2002",,"Denpasar :","CSk-D. 14  2002-0328/10475"
14285,2435637,"Wiyata Mandala",,"Denpasar :","CSk-D. 14  02 - 6815"
